Nama;Usia;Jenis_Kelamin
Agus Setiawan;52; L
Siti Aminah;61; P
Budi Santoso;48; L
Retno Wulandari;55; P
Joko Susilo;67; L
Eko Prasetyo;41; L
Sri Rahayu;59; P
Rudi Hartono;63; L
Ani Lestari;45; P
Bambang Irawan;58; L
Diah Ayu;51; P
Taufik Hidayat;44; L
Nurul Hasanah;65; P
Asep Saepudin;50; L
Lina Marlina;49; P
Dadang Supriatna;60; L
Ira Novianti;47; P
Heru Santoso;53; L
Yuli Astuti;68; P
Wahyu Widodo;42; L
Endang Sulastri;56; P
Sugeng Riyadi;64; L
Rina Fitriani;43; P
Ahmad Fauzi;57; L
Kartika Sari;62; P
Ujang Iskandar;46; L
Dewi Sartika;54; P
Maman Abdurahman;69; L
Nina Handayani;40; P
Ade Supriyadi;59; L
Fifie Anggraini;52; P
Cecep Maulana;61; L
Gina Fauziah;48; P
Iwan Setiawan;55; L
Lely Suryani;67; P
Kusnadi;41; L
Neneng Hasanah;59; P
Oman Rohman;63; L
Pipit Lestari;45; P
Qomaruddin;58; L
Ratih Kumala;51; P
Sobirin;44; L
Tuti Alawiyah;65; P
Udin Samsudin;50; L
Vera Febrianti;49; P
Wawan Ridwan;60; L
Yati Maryati;47; P
Zainal Arifin;53; L
Zuhariah;68; P
Agus Salim;42; L
Siti Fatimah;56; P
Budi Raharjo;64; L
Retno Susanti;43; P
Joko Santoso;57; L
Eko Wibowo;62; P
Sri Mulyani;46; L
Rudianto;54; P
Ani Suryani;69; L
Bambang Nugroho;40; P
Diah Lestari;59; L
Taufik Rahman;52; P
Nurhayati;61; L
Asep Hidayat;48; P
Lina Susanti;55; L
Dadang Iskandar;67; P
Ira Fauziah;41; L
Heru Prasetyo;59; P
Yuli Ningsih;63; L
Wahyu Saputro;45; P
Endang Puspitasari;58; L
Sugeng Handoyo;51; P
Rina Wulandari;44; L
Ahmad Riyadi;65; P
Kartika Dewi;50; L
Ujang Rahman;49; P
Dewi Puspita;60; L
Maman Sudirman;47; P
Nina Agustina;53; L
Ade Firmansyah;68; P
Fifie Karlina;42; L
Cecep Suryana;56; P
Gina Lestari;64; L
Iwan Hermawan;43; P
Lely Marlina;57; L
Kusmana;62; P
Neneng Suryani;46; L
Oman Somantri;54; P
Pipit Karlina;69; L
Qodir Jaelani;40; P
Ratih Handayani;59; L
Sobari;52; P
Tuti Susilawati;61; L
Udin Badut;48; P
Vera Susanti;55; L
Wawan Darmawan;67; P
Yati Rokayah;41; L
Zainal Mustofa;59; P
Zuhairah;63; L
Agus Wiguna;45; P
Siti Jubaedah;58; L
Budianto;51; P
Retno Anggraini;44; L
Joko Waluyo;65; P
Eko Nugroho;50; L
Sri Wahyuni;49; P
Rudi Hermawan;60; L
Ani Sumiati;47; P
Bambang Susilo;53; L
Diah Ningsih;68; P
Taufik Iskandar;42; L
Nurlela;56; P
Asep Rahmat;64; L
Lina Ningsih;43; P
Dadang Kurniawan;57; L
Ira Rusdiana;62; P
Heru Irawan;46; L
Yuli Handayani;54; P
Wahyu Hidayat;69; L
Endang Setyowati;40; P
Sugeng Prayitno;59; L
Rina Nofitasari;52; P
Ahmad Hidayat;61; L
Kartika Handayani;48; P
Ujang Sumardi;55; L
Dewi Susanti;67; P
Maman Suryana;41; L
Nina Susanti;59; P
Ade Sobari;63; L
Fifie Handayani;45; P
Cecep Abdullah;58; L
Gina Susanti;51; P
Iwan Gunawan;44; L
Lely Nuraeni;65; P
Kusmiati;50; L
Neneng Fatimah;49; P
Oman Fauzi;60; L
Pipit Susilawati;47; P
Qosim;53; L
Ratih Susanti;68; P
Sobur;42; L
Tuti Rahayu;56; P
Udin Saripudin;64; L
Vera Ningsih;43; P
Wawan Setiawan;57; L
Yati Rohayati;62; P
Zainal Abidin;46; L
Zuhriyah;54; P
Agus Budiman;69; L
Siti Khadijah;40; P
Budi Kusuma;59; L
Retno Kumala;52; P
Joko Nugroho;61; L
Eko Budiman;48; P
Sri Budiarti;55; L
Rudi Nugroho;67; P
Ani Fauziah;41; L
Bambang Wijaya;59; P
Diah Suryani;63; L
Taufik Imansyah;45; P
Nur Khasanah;58; L
Asep Mulyana;51; P
Lina Novianti;44; L
Dadang Hidayat;65; P
Ira Kumala;50; L
Heru Nugroho;49; P
Yuli Fauziah;60; L
Wahyu Kurniawan;47; P
Endang Ningsih;53; L
Sugeng Santoso;68; P
Rina Agustin;42; L
Ahmad Kurniawan;56; P
Kartika Wati;64; L
Ujang Saepudin;43; P
Dewi Ratna;57; L
Maman Hidayat;62; P
Nina Ratnasari;46; L
Ade Supriyadi;54; P
Fifie Luthfiah;69; L
Cecep Samsudin;40; P
Gina Mardiana;59; L
Iwan Suryana;52; P
Lely Agustina;61; L
Kusmianto;48; P
Neneng Fauziah;55; L
Oman Abdul Ghani;67; P
Pipit Karlina;41; L
Qodriyah;59; P
Ratih Wulandari;63; L
Sobirin Santoso;45; P
Tuti Sumiati;58; L
Udin Tajudin;51; P
Vera Puspitasari;44; L
Wawan Suherman;65; P
Yati Siti;50; L
Zainal Muttaqin;49; P
Zuhairah;60; L
Agus Santoso;47; P
Siti Nurjanah;53; L
Budi Riyanto;68; P
Retno Wati;42; L
Joko Prabowo;56; P
Eko Setiawan;64; L
Sri Untari;43; P
Rudi Wijaya;57; L
Ani Setiawati;62; P
Bambang Hermawan;46; L
Diah Kumala;54; P
Taufik Akbar;69; L
Nurul Huda;40; P
Asep Saepuloh;59; L
Lina Herlina;52; P
Dadang Iskandar;61; L
Ira Rahmawati;48; P
Heru Susanto;55; L
Yulianti;67; P
Wahyu Fitrianto;41; L
Endang Wulandari;59; P
Sugeng Winarno;63; L
Rina Amelia;45; P
Ahmad Yani;58; L
Kartika Sari;51; P
Ujang Kosasih;44; L
Dewi Lestari;65; P
Maman Setiawan;50; L
Nina Karmila;49; P
Ade Irawan;60; L
Fifie Marlia;47; P
Cecep Rahmat;53; L
Gina Mariana;68; P
Iwan Kurniawan;42; L
Lely Suryawati;56; P
Kusuma Ningrum;64; L
Neneng Rohaeti;43; P
Oman Iskandar;57; L
Pipit Susanti;62; P
Qomarudin;46; L
Ratih Purnama;54; P
Sobri;69; L
Tuti Sunarti;40; P
Udin Jaenudin;59; L
Vera Agustina;52; P
Wawan Rachman;61; L
Yati Hartati;48; P
Zainal Fanani;55; L
Zuhairiyah;67; P
Agus Mulyadi;41; L
Siti Maryam;59; P
Budi Laksana;63; L
Retno Puspita;45; P
Joko Priyanto;58; L
Eko Cokro;51; P
Sri Utami;44; L
Rudi Santoso;65; P
Ani Wulandari;50; L
Bambang Sunaryo;49; P
Diah Kumalasari;60; L
Taufik Akbar;47; P
Nurul Fauziah;53; L
Asep Lukman;68; P
Lina Puspita;42; L
Dadang Hermawan;56; P
Ira Diana;64; L
Heru Budiman;43; P
Yuli Fatimah;57; L
Wahyu Adi;62; P
Endang Supriati;46; L
Sugeng Widodo;54; P
Rina Karlina;69; L
Ahmad Ghozali;40; P
Kartika Anggraini;59; L
Ujang Maman;52; P
Dewi Anggraeni;61; L
Maman Kurdi;48; P
Nina Suryani;55; L
Ade Hidayat;67; P
Fifie Mariana;41; L
Cecep Wahyu;59; P
Gina Rahayu;63; L
Iwan Darmawan;45; P
Lely Ningsih;58; L
Kusno;51; P
Neneng Siti;44; L
Oman Rukman;65; P
Pipit Fatimah;50; L
Qodir;49; P
Ratih Anggraeni;60; L
Sobari;47; P
Tuti Susanti;53; L
Udin Jamaludin;68; P
Vera Karlina;42; L
Wawan Sutiawan;56; P
Yati Nurhayati;64; L
Zainal Muttaqin;43; P
Zuhriyah;57; L
Agus Fathurrahman;62; P
Siti Zulaikha;46; L
Budi Santoso;54; P
Retno Wati;69; L
Joko Susanto;40; P
Eko Wahyudi;59; L
